rhesus_brain;cat_brain;highschool;literature1976;roads_massachussets;mouse_brain;social_leader;celegans_neural;trade_diplomats
0.6484486606656004;0.49170655425776283;0.6493251134927432;0.9875771574795098;0.0;0.5931852143475357;0.7769637680952811;0.8422294617050499 ;0.2704891764757655 
0.8470531223282445;0.8933479252134252;0.825237012972247;0.0;1.0;0.9073973509169091;0.6823074532176571;0;0.969619215879966